"status","message","result__blockNumber","result__timeStamp","result__hash","result__nonce","result__blockHash","result__from","result__contractAddress","result__to","result__value","result__tokenName","result__tokenSymbol","result__tokenDecimal","result__transactionIndex","result__gas","result__gasPrice","result__gasUsed","result__cumulativeGasUsed","result__input","result__confirmations"
"1","OK-Missing/Invalid API Key, rate limit of 1/5sec applied","1371682","1501023324","0xc7d9be56fd9da93e8ec61f870bbe5c445b233dc62f72366df429e627527d60c6","54708","0x75d4c79faeba2cc81804a47a38322c1925211f315f2374a7e33c87792c766e8c","0x0000000000000000000000000000000000000000","0x7f28321c01499ca33ab3bebde0d45f9b22b6c402","0x4e83362442b8d1bec281594cea3050c8eb01311c","425000000000000000000","Reputation","REP","18","0","999700","40000000000","914311","914311","deprecated","8597369"
"","","1373858","1501054582","0x4112b19d7f133403df9cce76f9e81c019a4b254b8ed5bf08af41eaeca74c67f9","247","0xd3369760390f0561acb2b038ead5a800f959cc2d2241a80a86b97338fc6ac66d","0x0000000000000000000000000000000000000000","0xc5427f201fcbc3f7ee175c22e0096078c6f584c4","0x4e83362442b8d1bec281594cea3050c8eb01311c","425000000000000000000","Reputation","REP","18","5","999700","40000000000","914311","2750231","deprecated","8595193"
"","","3920690","1535385992","0x27eb41f03136f33efec6c4db97ccac627c8cf776b306ec9f35191f63f4b01734","12717","0x920562c089ad1015439ea06526c050341ce13ddd878ed0a89f317d5c5a181505","0x9ef5f2007f8f545f600ce6485fd41e85a61ddc3b","0x7eaaa5c8977c940c8e9181294211e53557a42da9","0x4e83362442b8d1bec281594cea3050c8eb01311c","32564","pizdec","pzdc","1","27","151558","210000000","51558","1358408","deprecated","6048361"
"","","6055248","1564002819","0xad08389b5d6864ef2bfd417ffc172dea9c3941fae338389caed62d0ad65a81c3","275","0xa5d945ca608ddbd543e30a816c4e0f88598b626f04422fecac48d63c380bab47","0x96f474f833fb757d2129739ff27b5576d9635090","0x241c8bac87cb89a0ae8b2dfd3ad9f9e237a933fe","0x4e83362442b8d1bec281594cea3050c8eb01311c","100000000000000000000","pan001","pan001","18","20","7000000","3","5550854","6394072","deprecated","3913803"
"","","6279561","1566975090","0x3668d470201b0c9fff0dfe37a162784ec1cbee4a41f2730b348c301dcfb3ec03","1228","0x62a42279200193eee1e69e4879c50bca1e2c50bba50b9b5dec8704a63e605d92","0xb7e5578aa540cf32c4d290ec628290563bcbc5ab","0x794ae7ebf490a4a5310ad0505cac7efe4e9c1315","0x4e83362442b8d1bec281594cea3050c8eb01311c","118280915497353835693","Ebakus","EBK","18","3","2000000","2000000000","1521793","2456093","deprecated","3689490"
"","","7594473","1585226473","0x926686e8a51b77219f2327ff919f50630fecd2cbbd7493b4ca874a1c73368ec2","0","0x8ebe702403bf38c95936139231a8175505e7afe95b8bddd02213b04e07f5fb13","0xcc04140b157cc4b6c84c0dfb6ff3ed80dd5c0094","0xdeca97ffaaa91f8a8bb6fa4f510af06c52d01744","0x4e83362442b8d1bec281594cea3050c8eb01311c","100000000","HTV","HTV","8","6","90000","40000000000","52790","3118722","deprecated","2374578"
"","","7594611","1585228451","0x2e86344ae7f04d5719fbb2af2036033d4daf78efc4a20160316f04efa6c9a120","1","0x7790342b9ca3702b8dbb18f9d70353007bc5c6aa5502f3f7bcd582022c0a66d0","0xcc04140b157cc4b6c84c0dfb6ff3ed80dd5c0094","0xdeca97ffaaa91f8a8bb6fa4f510af06c52d01744","0x4e83362442b8d1bec281594cea3050c8eb01311c","100000000","HTV","HTV","8","0","90000","40000000000","37790","37790","deprecated","2374440"
"","","7594619","1585228597","0xf4fc5150bb0533550426e449ca925f19f9437a71a5fb5f56d777cbb0e634a975","2","0xb29f1f2634e052481e26ccb0518babe4ff353a113ba43920b2cc65396c531a6f","0xcc04140b157cc4b6c84c0dfb6ff3ed80dd5c0094","0xdeca97ffaaa91f8a8bb6fa4f510af06c52d01744","0x4e83362442b8d1bec281594cea3050c8eb01311c","100000000","HTV","HTV","8","0","90000","40000000000","37790","37790","deprecated","2374432"
"","","7594645","1585228868","0xb1d67e44ef3b14f7e9248070a4cf016c296cf08c13dea5d010179c7a9b6cf0fe","3","0x8454a4845fa3631ccbd4f0dc7e457fa75ef97336999a8ebd32d8f4837dfd2a6c","0xcc04140b157cc4b6c84c0dfb6ff3ed80dd5c0094","0xdeca97ffaaa91f8a8bb6fa4f510af06c52d01744","0x4e83362442b8d1bec281594cea3050c8eb01311c","100000000","HTV","HTV","8","2","90000","40000000000","37790","111345","deprecated","2374406"
"","","7594647","1585228878","0x94d4dbf40884194cae6f6e5352d18857f6567796642a863b9b103ea981ea3838","4","0x8618c9a96c968ffeaf754cfe787bde8b201afb709f370f108d326c5d2ad51ba6","0xcc04140b157cc4b6c84c0dfb6ff3ed80dd5c0094","0xdeca97ffaaa91f8a8bb6fa4f510af06c52d01744","0x4e83362442b8d1bec281594cea3050c8eb01311c","100000000","HTV","HTV","8","1","90000","40000000000","37790","424414","deprecated","2374404"
"","","7594755","1585230523","0x257eecee9376cfb84f43d11a558e4bc19435167c977e26de88cb73ff7a32c1bb","5","0xa7a2d1564f1ed20e08b7f0670d83aacddaebe8900d676a2f4bb55f8b49acf50b","0xcc04140b157cc4b6c84c0dfb6ff3ed80dd5c0094","0xdeca97ffaaa91f8a8bb6fa4f510af06c52d01744","0x4e83362442b8d1bec281594cea3050c8eb01311c","90000000000","HTV","HTV","8","0","90000","40000000000","37802","37802","deprecated","2374296"
"","","7594755","1585230523","0x0d0c78ba2523b03f9253e3e63bf831dec1e53277820960cfb6bbf8b778459cac","6","0xa7a2d1564f1ed20e08b7f0670d83aacddaebe8900d676a2f4bb55f8b49acf50b","0xcc04140b157cc4b6c84c0dfb6ff3ed80dd5c0094","0xdeca97ffaaa91f8a8bb6fa4f510af06c52d01744","0x4e83362442b8d1bec281594cea3050c8eb01311c","90000000000","HTV","HTV","8","1","90000","40000000000","37802","75604","deprecated","2374296"
"","","7594755","1585230523","0x089ff3b2df09d75519c8e84a31621dda1effd30865ca788e56fba09ac494f6b8","7","0xa7a2d1564f1ed20e08b7f0670d83aacddaebe8900d676a2f4bb55f8b49acf50b","0xcc04140b157cc4b6c84c0dfb6ff3ed80dd5c0094","0xdeca97ffaaa91f8a8bb6fa4f510af06c52d01744","0x4e83362442b8d1bec281594cea3050c8eb01311c","90000000000","HTV","HTV","8","2","90000","40000000000","37802","113406","deprecated","2374296"
"","","7594755","1585230523","0x8667735f87b9b19898b89510f40b82faa09f72bed372a2c9711dacadd96b13b4","8","0xa7a2d1564f1ed20e08b7f0670d83aacddaebe8900d676a2f4bb55f8b49acf50b","0xcc04140b157cc4b6c84c0dfb6ff3ed80dd5c0094","0xdeca97ffaaa91f8a8bb6fa4f510af06c52d01744","0x4e83362442b8d1bec281594cea3050c8eb01311c","90000000000","HTV","HTV","8","3","90000","40000000000","37802","151208","deprecated","2374296"
"","","7594755","1585230523","0x04e8c5a8b308ff9aa1eb6f325145453aa73b47282416bfb754bfcdb9d0d4de9e","9","0xa7a2d1564f1ed20e08b7f0670d83aacddaebe8900d676a2f4bb55f8b49acf50b","0xcc04140b157cc4b6c84c0dfb6ff3ed80dd5c0094","0xdeca97ffaaa91f8a8bb6fa4f510af06c52d01744","0x4e83362442b8d1bec281594cea3050c8eb01311c","90000000000","HTV","HTV","8","4","90000","40000000000","37802","189010","deprecated","2374296"
"","","7594755","1585230523","0xcbb16d2048066e22ad0e7e2ecf65ab1beed58c9b1309c6a7e2e1afe3319bd14d","10","0xa7a2d1564f1ed20e08b7f0670d83aacddaebe8900d676a2f4bb55f8b49acf50b","0xcc04140b157cc4b6c84c0dfb6ff3ed80dd5c0094","0xdeca97ffaaa91f8a8bb6fa4f510af06c52d01744","0x4e83362442b8d1bec281594cea3050c8eb01311c","90000000000","HTV","HTV","8","5","90000","40000000000","37802","226812","deprecated","2374296"
"","","7594755","1585230523","0x62b19731b127cbc859c12b4263a2804291fc7b2e0e090dad3eafb2938cf63c7a","11","0xa7a2d1564f1ed20e08b7f0670d83aacddaebe8900d676a2f4bb55f8b49acf50b","0xcc04140b157cc4b6c84c0dfb6ff3ed80dd5c0094","0xdeca97ffaaa91f8a8bb6fa4f510af06c52d01744","0x4e83362442b8d1bec281594cea3050c8eb01311c","90000000000","HTV","HTV","8","6","90000","40000000000","37802","264614","deprecated","2374296"
"","","7594755","1585230523","0x68268072337cf87b2e24501c14ff2016f9b4ccc198c5abcde73e34aebb9dd76d","12","0xa7a2d1564f1ed20e08b7f0670d83aacddaebe8900d676a2f4bb55f8b49acf50b","0xcc04140b157cc4b6c84c0dfb6ff3ed80dd5c0094","0xdeca97ffaaa91f8a8bb6fa4f510af06c52d01744","0x4e83362442b8d1bec281594cea3050c8eb01311c","90000000000","HTV","HTV","8","7","90000","40000000000","37802","302416","deprecated","2374296"
"","","7594755","1585230523","0xfe0210c1734a98b2341b8558a63683232c3ca13a33b1b8f4a0392972b3c5afcd","13","0xa7a2d1564f1ed20e08b7f0670d83aacddaebe8900d676a2f4bb55f8b49acf50b","0xcc04140b157cc4b6c84c0dfb6ff3ed80dd5c0094","0xdeca97ffaaa91f8a8bb6fa4f510af06c52d01744","0x4e83362442b8d1bec281594cea3050c8eb01311c","90000000000","HTV","HTV","8","8","90000","40000000000","37802","340218","deprecated","2374296"
"","","7594755","1585230523","0xc8106fff6ac991f4e2f2843f96de17ea673856a4c5fd3ddba77935cfa76d1634","14","0xa7a2d1564f1ed20e08b7f0670d83aacddaebe8900d676a2f4bb55f8b49acf50b","0xcc04140b157cc4b6c84c0dfb6ff3ed80dd5c0094","0xdeca97ffaaa91f8a8bb6fa4f510af06c52d01744","0x4e83362442b8d1bec281594cea3050c8eb01311c","90000000000","HTV","HTV","8","9","90000","40000000000","37802","378020","deprecated","2374296"
"","","7594755","1585230523","0xd1f7cc46c75789260663bca034dffb93dbed013f57c916f15206d21b197d3e67","15","0xa7a2d1564f1ed20e08b7f0670d83aacddaebe8900d676a2f4bb55f8b49acf50b","0xcc04140b157cc4b6c84c0dfb6ff3ed80dd5c0094","0xdeca97ffaaa91f8a8bb6fa4f510af06c52d01744","0x4e83362442b8d1bec281594cea3050c8eb01311c","90000000000","HTV","HTV","8","10","90000","40000000000","37802","415822","deprecated","2374296"
"","","7594834","1585231509","0x4df5a59fd467cf91d0d2f45f2827e2ab3631613557224c28b5c57128e8950c53","41","0x001f5ac1096b0c243f60403b091f9a28f62f300a1cc729e0ba255a7c1bbe23ce","0xcc04140b157cc4b6c84c0dfb6ff3ed80dd5c0094","0xdeca97ffaaa91f8a8bb6fa4f510af06c52d01744","0x4e83362442b8d1bec281594cea3050c8eb01311c","9000000000","HTV","HTV","8","1","90000","40000000000","37802","225132","deprecated","2374217"
"","","7597722","1585269058","0x19527d3348c0bd92acbc7c31e7508360a63bacebb67065f9cbfab74c228eb606","72","0x7f0bc5f24894a24594b66571d773f93ffd34bab48534bf1e73b37ecc6b994604","0xcc04140b157cc4b6c84c0dfb6ff3ed80dd5c0094","0xdeca97ffaaa91f8a8bb6fa4f510af06c52d01744","0x4e83362442b8d1bec281594cea3050c8eb01311c","1000000","HTV","HTV","8","0","90000","40000000000","37790","37790","deprecated","2371329"
"","","7823852","1588336913","0x2394a25f8996ea53c94746007dc4a17916b999387d58c817c204b4243571400e","82","0x1172d3e96af83d7d024fae4012d53d7b8487fa4b1e3768450cdada65b06292a1","0xcc04140b157cc4b6c84c0dfb6ff3ed80dd5c0094","0xdeca97ffaaa91f8a8bb6fa4f510af06c52d01744","0x4e83362442b8d1bec281594cea3050c8eb01311c","100000000","HTV","HTV","8","0","90000","40000000000","37790","37790","deprecated","2145199"
